"Data Source","World Development Indicators",

"Country Name","Country Code","Indicator Name","Indicator Code","1960","1961","1962","1963","1964","1965","1966","1967","1968","1969","1970","1971","1972","1973","1974","1975","1976","1977","1978","1979","1980","1981","1982","1983","1984","1985","1986","1987","1988","1989","1990","1991","1992","1993","1994","1995","1996","1997","1998","1999","2000","2001","2002","2003","2004","2005","2006","2007","2008","2009","2010","2011","2012","2013",
"Aruba","ABW","Commercial bank branches (per 100,000 adults)","FB.CBK.BRCH.P5","","","","","","","","","","","","","","","","","","","","","","","","","","","","","","","","","","","","","","","","","","","","","","","","","","","","20.9610003909377","21.9616646443025","",
"Andorra","AND","Commercial bank branches (per 100,000 adults)","FB.CBK.BRCH.P5","","","","","","","","","","","","","","","","","","","","","","","","","","","","","","","","","","","","","","","","","","","","","","","","","","","","","","",
"Afghanistan","AFG","Commercial bank branches (per 100,000 adults)","FB.CBK.BRCH.P5","","","","","","","","","","","","","","","","","","","","","","","","","","","","","","","","","","","","","","","","","","","","","0.3864785278311","0.618944749488093","0.976900315429502","1.3011946958251","1.54278955049729","2.31242295748295","2.47333923569245","2.30939041105511","2.24445389470323","",
"Angola","AGO","Commercial bank branches (per 100,000 adults)","FB.CBK.BRCH.P5","","","","","","","","","","","","","","","","","","","","","","","","","","","","","","","","","","","","","","","","","","","","","2.15665395734583","2.67479433610562","4.04243142059886","4.64757889857354","5.60830330794502","6.30825309157646","8.99442963300667","10.1664625471124","11.3708848824512","",
"Albania","ALB","Commercial bank branches (per 100,000 adults)","FB.CBK.BRCH.P5","","","","","","","","","","","","","","","","","","","","","","","","","","","","","","","","","","","","","","","","","","","","","9.11412816978539","11.0294337835671","13.0469996162341","17.5210717331045","22.0513164799375","22.4197092758238","22.4184992837971","22.3792569228691","22.2702377441441","",
"Andean Region","ANR","Commercial bank branches (per 100,000 adults)","FB.CBK.BRCH.P5","","","","","","","","","","","","","","","","","","","","","","","","","","","","","","","","","","","","","","","","","","","","","","","","","","","","","","",
"Arab World","ARB","Commercial bank branches (per 100,000 adults)","FB.CBK.BRCH.P5","","","","","","","","","","","","","","","","","","","","","","","","","","","","","","","","","","","","","","","","","","","","","9.16092997174747","9.24983801518495","9.73717434786226","9.84943791731416","10.3256229889555","10.7645451182732","10.6236065880447","11.5146447001734","11.7002407299589","",
"United Arab Emirates","ARE","Commercial bank branches (per 100,000 adults)","FB.CBK.BRCH.P5","","","","","","","","","","","","","","","","","","","","","","","","","","","","","","","","","","","","","","","","","","","","","17.3298334659564","15.0414243295137","13.9581795034188","13.0924190168614","12.9272673017398","12.1914713284759","11.9093639181633","11.7501158897969","11.943218862712","",
"Argentina","ARG","Commercial bank branches (per 100,000 adults)","FB.CBK.BRCH.P5","","","","","","","","","","","","","","","","","","","","","","","","","","","","","","","","","","","","","","","","","","","","","13.4125657186481","13.2712523206881","13.3314563617233","13.3493787155075","13.2559532714316","13.179176055646","13.2044873129828","13.3639356570699","13.5821211104","",
"Armenia","ARM","Commercial bank branches (per 100,000 adults)","FB.CBK.BRCH.P5","","","","","","","","","","","","","","","","","","","","","","","","","","","","","","","","","","","","","","","","","","","","","10.7936580813687","12.2315379605834","13.5605172545798","15.6349306610173","17.093893832474","17.5348987974242","18.2548685255905","19.6266692507228","20.8877549499258","",
"American Samoa","ASM","Commercial bank branches (per 100,000 adults)","FB.CBK.BRCH.P5","","","","","","","","","","","","","","","","","","","","","","","","","","","","","","","","","","","","","","","","","","","","","","","","","","","","","","",
"Antigua and Barbuda","ATG","Commercial bank branches (per 100,000 adults)","FB.CBK.BRCH.P5","","","","","","","","","","","","","","","","","","","","","","","","","","","","","","","","","","","","","","","","","","","","","","","","","","39.5119488277017","38.8506430512197","36.6882723110956","36.0994537906341","",
"Australia","AUS","Commercial bank branches (per 100,000 adults)","FB.CBK.BRCH.P5","","","","","","","","","","","","","","","","","","","","","","","","","","","","","","","","","","","","","","","","","","","","","30.6648473693498","30.6193245609183","31.2340830815454","31.379875148907","31.5623498003801","31.5333296541946","31.304859181367","30.927783019951","31.8015390721564","",
"Austria","AUT","Commercial bank branches (per 100,000 adults)","FB.CBK.BRCH.P5","","","","","","","","","","","","","","","","","","","","","","","","","","","","","","","","","","","","","","","","","","","","","13.941019873144","13.3302785419486","13.0364549208823","12.8714239069128","12.5611435559087","11.7367552568974","11.255448321574","15.0559930799547","15.9380305550916","",
"Azerbaijan","AZE","Commercial bank branches (per 100,000 adults)","FB.CBK.BRCH.P5","","","","","","","","","","","","","","","","","","","","","","","","","","","","","","","","","","","","","","","","","","","","","6.30470612708623","6.53145410794087","7.07802608496682","7.9295154185022","8.956815873874","9.64560995564742","9.73342562899968","9.88499986077465","9.60189286598619","",
"Burundi","BDI","Commercial bank branches (per 100,000 adults)","FB.CBK.BRCH.P5","","","","","","","","","","","","","","","","","","","","","","","","","","","","","","","","","","","","","","","","","","","","","1.48134289620375","1.50915523620023","1.62449050244581","1.72964037416928","1.76489230857144","1.91968791783188","2.14428151935015","2.34020425184693","2.54709205268947","",
"Belgium","BEL","Commercial bank branches (per 100,000 adults)","FB.CBK.BRCH.P5","","","","","","","","","","","","","","","","","","","","","","","","","","","","","","","","","","","","","","","","","","","","","57.2460388463944","53.7264958202078","53.4392783732497","51.3604256097234","49.6534423269185","47.9156948801519","44.9949358846488","43.4036723541679","42.3917409765489","",
"Benin","BEN","Commercial bank branches (per 100,000 adults)","FB.CBK.BRCH.P5","","","","","","","","","","","","","","","","","","","","","","","","","","","","","","","","","","","","","","","","","","","","","1.00416346945752","1.15859128540738","1.71375241645444","2.12147590580992","2.54510854159279","2.94110059086659","3.17082710623696","3.40474552279697","3.54093534370885","",
"Burkina Faso","BFA","Commercial bank branches (per 100,000 adults)","FB.CBK.BRCH.P5","","","","","","","","","","","","","","","","","","","","","","","","","","","","","","","","","","","","","","","","","","","","","","","","","","","","","","",
"Bangladesh","BGD","Commercial bank branches (per 100,000 adults)","FB.CBK.BRCH.P5","","","","","","","","","","","","","","","","","","","","","","","","","","","","","","","","","","","","","","","","","","","","","7.03602934951859","6.98251115797599","7.00526536768201","7.03497730490362","7.07906590835058","7.2843890486922","7.52630324529144","7.72173431279428","8.07542348377505","",
"Bulgaria","BGR","Commercial bank branches (per 100,000 adults)","FB.CBK.BRCH.P5","","","","","","","","","","","","","","","","","","","","","","","","","","","","","","","","","","","","","","","","","","","","","84.2572363205307","84.5937753115942","83.3960607985263","86.9381160892153","90.6099177240433","90.3856549516545","90.018119140218","59.8430155246203","61.1754073645223","",
"Bahrain","BHR","Commercial bank branches (per 100,000 adults)","FB.CBK.BRCH.P5","","","","","","","","","","","","","","","","","","","","","","","","","","","","","","","","","","","","","","","","","","","","","","","","","","","","","","",
"Bahamas, The","BHS","Commercial bank branches (per 100,000 adults)","FB.CBK.BRCH.P5","","","","","","","","","","","","","","","","","","","","","","","","","","","","","","","","","","","","","","","","","","","","","","","","39.7227892466708","38.6892243835584","36.6379551698354","36.1466909124728","35.3605553897476","34.9872226452202","",
"Bosnia and Herzegovina","BIH","Commercial bank branches (per 100,000 adults)","FB.CBK.BRCH.P5","","","","","","","","","","","","","","","","","","","","","","","","","","","","","","","","","","","","","","","","","","","","","","27.0772662381481","28.0097116923155","31.5824149236602","33.6579338044338","31.9494668798367","30.9736786015824","31.3765068302083","30.5872280693197","",
"Belarus","BLR","Commercial bank branches (per 100,000 adults)","FB.CBK.BRCH.P5","","","","","","","","","","","","","","","","","","","","","","","","","","","","","","","","","","","","","","","","","","","","","6.04353534584364","5.73673883313484","5.49631139232886","4.80752285290628","4.3613771132994","3.67380721974324","3.19838293631145","2.10102107943193","1.7031946028531","",
"Belize","BLZ","Commercial bank branches (per 100,000 adults)","FB.CBK.BRCH.P5","","","","","","","","","","","","","","","","","","","","","","","","","","","","","","","","","","","","","","","","","","","","","26.3293252022226","26.0629544528466","24.0639414230438","27.1580985093844","27.8827842319053","26.9779502944258","26.1066453813518","25.2671277093281","24.4609192224856","",
"Bermuda","BMU","Commercial bank branches (per 100,000 adults)","FB.CBK.BRCH.P5","","","","","","","","","","","","","","","","","","","","","","","","","","","","","","","","","","","","","","","","","","","","","","","","","","","","","","",
"Bolivia","BOL","Commercial bank branches (per 100,000 adults)","FB.CBK.BRCH.P5","","","","","","","","","","","","","","","","","","","","","","","","","","","","","","","","","","","","","","","","","","","","","4.49165869298733","5.11274914003054","5.73588619227515","5.91416181002092","6.27534448053122","6.88571009445282","8.57486647515616","9.26828115895973","9.67906974308127","",
"Brazil","BRA","Commercial bank branches (per 100,000 adults)","FB.CBK.BRCH.P5","","","","","","","","","","","","","","","","","","","","","","","","","","","","","","","","","","","","","","","","","","","","","","","","40.9016351409193","43.1137922653028","43.9132919546569","44.0291148405001","45.4694143948976","47.2604509197484","",
"Barbados","BRB","Commercial bank branches (per 100,000 adults)","FB.CBK.BRCH.P5","","","","","","","","","","","","","","","","","","","","","","","","","","","","","","","","","","","","","","","","","","","","","","","19.1645350091256","19.4690332290645","19.3221085363278","18.7342617109527","18.6011080945822","19.7923997185081","20.6720619282196","",
"Brunei Darussalam","BRN","Commercial bank branches (per 100,000 adults)","FB.CBK.BRCH.P5","","","","","","","","","","","","","","","","","","","","","","","","","","","","","","","","","","","","","","","","","","","","","21.1445463416652","25.9937840944295","23.1332927483572","22.5805983239375","22.7609775016023","23.2875805987285","22.7857052829879","22.6553389899121","22.2173574253707","",
"Bhutan","BTN","Commercial bank branches (per 100,000 adults)","FB.CBK.BRCH.P5","","","","","","","","","","","","","","","","","","","","","","","","","","","","","","","","","","","","","","","","","","","","","14.3628847636119","13.7426308980285","13.2195997038415","12.7752911027329","12.8097437957069","12.857746386925","14.2978843583624","16.2467335859794","12.4493536906729","",
"Botswana","BWA","Commercial bank branches (per 100,000 adults)","FB.CBK.BRCH.P5","","","","","","","","","","","","","","","","","","","","","","","","","","","","","","","","","","","","","","","","","","","","","6.52648824456987","6.22546674617789","6.57314448143511","7.53006141706343","8.44666151129985","8.42917759825636","8.79224804483308","8.42785807174215","8.64581991842514","",
"Sub-Saharan Africa (IFC classification)","CAA","Commercial bank branches (per 100,000 adults)","FB.CBK.BRCH.P5","","","","","","","","","","","","","","","","","","","","","","","","","","","","","","","","","","","","","","","","","","","","","","","","","","","","","","",
"Central African Republic","CAF","Commercial bank branches (per 100,000 adults)","FB.CBK.BRCH.P5","","","","","","","","","","","","","","","","","","","","","","","","","","","","","","","","","","","","","","","","","","","","","0.303881225339311","0.298197185018573","0.292195784533159","0.490226317064492","0.519233856229238","0.741470069780139","0.838525201874942","0.855901408092213","0.893114512791874","",
"Canada","CAN","Commercial bank branches (per 100,000 adults)","FB.CBK.BRCH.P5","","","","","","","","","","","","","","","","","","","","","","","","","","","","","","","","","","","","","","","","","","","","","","","24.5601638288839","24.6208050317436","24.5390181672251","24.0949046024286","23.9526470576108","24.0531081362005","24.4377083959409","",
"East Asia and the Pacific (IFC classification)","CEA","Commercial bank branches (per 100,000 adults)","FB.CBK.BRCH.P5","","","","","","","","","","","","","","","","","","","","","","","","","","","","","","","","","","","","","","","","","","","","","","","","","","","","","","",
"Central Europe and the Baltics","CEB","Commercial bank branches (per 100,000 adults)","FB.CBK.BRCH.P5","","","","","","","","","","","","","","","","","","","","","","","","","","","","","","","","","","","","","","","","","","","","","25.8533330196939","26.0781179241177","27.2649839360327","29.1840384562216","32.6513095092987","32.841751838206","31.934530685453","31.2100340380112","28.7556650315306","",
"Europe and Central Asia (IFC classification)","CEU","Commercial bank branches (per 100,000 adults)","FB.CBK.BRCH.P5","","","","","","","","","","","","","","","","","","","","","","","","","","","","","","","","","","","","","","","","","","","","","","","","","","","","","","",
"Switzerland","CHE","Commercial bank branches (per 100,000 adults)","FB.CBK.BRCH.P5","","","","","","","","","","","","","","","","","","","","","","","","","","","","","","","","","","","","","","","","","","","","","57.3581571028327","56.7919583425142","55.6161657058582","55.2730595013831","53.9443519577413","52.6728946515457","51.7684792885608","50.2139878891139","48.8390415652939","",
"Channel Islands","CHI","Commercial bank branches (per 100,000 adults)","FB.CBK.BRCH.P5","","","","","","","","","","","","","","","","","","","","","","","","","","","","","","","","","","","","","","","","","","","","","","","","","","","","","","",
"Chile","CHL","Commercial bank branches (per 100,000 adults)","FB.CBK.BRCH.P5","","","","","","","","","","","","","","","","","","","","","","","","","","","","","","","","","","","","","","","","","","","","","12.492764718939","13.0623801548913","13.7882413023646","14.8596788143778","15.3038061438619","16.866691826874","17.2837988106222","17.1920046246468","17.0710419475133","",
"China","CHN","Commercial bank branches (per 100,000 adults)","FB.CBK.BRCH.P5","","","","","","","","","","","","","","","","","","","","","","","","","","","","","","","","","","","","","","","","","","","","","","","","","","","","","7.72363853360227","",
"Cote d'Ivoire","CIV","Commercial bank branches (per 100,000 adults)","FB.CBK.BRCH.P5","","","","","","","","","","","","","","","","","","","","","","","","","","","","","","","","","","","","","","","","","","","","","1.34687643988362","1.42940020842561","1.55331848752245","1.79851562852496","2.41702141775357","2.68831718744696","4.26317862598353","4.29020785969966","4.63308996934428","",
"Latin America and the Caribbean (IFC classification)","CLA","Commercial bank branches (per 100,000 adults)","FB.CBK.BRCH.P5","","","","","","","","","","","","","","","","","","","","","","","","","","","","","","","","","","","","","","","","","","","","","","","","","","","","","","",
"Middle East and North Africa (IFC classification)","CME","Commercial bank branches (per 100,000 adults)","FB.CBK.BRCH.P5","","","","","","","","","","","","","","","","","","","","","","","","","","","","","","","","","","","","","","","","","","","","","","","","","","","","","","",
"Cameroon","CMR","Commercial bank branches (per 100,000 adults)","FB.CBK.BRCH.P5","","","","","","","","","","","","","","","","","","","","","","","","","","","","","","","","","","","","","","","","","","","","","0.460541946506756","0.965519635841103","1.04519989897019","1.09257628719371","1.18231719187573","1.27619140829218","1.38254886709137","1.51729615513873","1.69333604054156","",
"Congo, Rep.","COG","Commercial bank branches (per 100,000 adults)","FB.CBK.BRCH.P5","","","","","","","","","","","","","","","","","","","","","","","","","","","","","","","","","","","","","","","","","","","","","0.693437167080091","0.675455956894331","0.656327396307853","1.45515439838058","1.7635600283319","1.79748583088997","2.16497257562624","2.63881592675621","2.88239893537986","",
"Colombia","COL","Commercial bank branches (per 100,000 adults)","FB.CBK.BRCH.P5","","","","","","","","","","","","","","","","","","","","","","","","","","","","","","","","","","","","","","","","","","","","","","13.3742570411281","13.3346168654301","13.5352595503726","13.9472145253581","13.8817745113356","13.7123986582901","14.6644472352177","14.9265317083797","",
"Comoros","COM","Commercial bank branches (per 100,000 adults)","FB.CBK.BRCH.P5","","","","","","","","","","","","","","","","","","","","","","","","","","","","","","","","","","","","","","","","","","","","","0.583270630696488","0.569409595993856","0.556173543064255","1.08695650732405","1.06223640010578","1.29717168590195","1.51979147290443","1.48284716606274","1.44590858084398","",
"Cabo Verde","CPV","Commercial bank branches (per 100,000 adults)","FB.CBK.BRCH.P5","","","","","","","","","","","","","","","","","","","","","","","","","","","","","","","","","","","","","","","","","","","","","","16.1004669135405","17.9402036702395","20.9666249452009","25.4044309727862","27.8286396195861","30.7449440826329","30.0766934782827","30.5910767691416","",
"Costa Rica","CRI","Commercial bank branches (per 100,000 adults)","FB.CBK.BRCH.P5","","","","","","","","","","","","","","","","","","","","","","","","","","","","","","","","","","","","","","","","","","","","","16.5631610233933","18.4859541409693","19.0712740545303","21.2187963275741","20.8944357102216","20.4449286188954","20.4863367924292","23.3057149540672","23.2091985988833","",
"South Asia (IFC classification)","CSA","Commercial bank branches (per 100,000 adults)","FB.CBK.BRCH.P5","","","","","","","","","","","","","","","","","","","","","","","","","","","","","","","","","","","","","","","","","","","","","","","","","","","","","","",
"Caribbean small states","CSS","Commercial bank branches (per 100,000 adults)","FB.CBK.BRCH.P5","","","","","","","","","","","","","","","","","","","","","","","","","","","","","","","","","","","","","","","","","","","","","7.30034048007412","7.0663107263669","9.74780199212267","9.87827935260223","9.69376003927385","10.1512316052611","9.90531108518095","9.81414909468401","9.87161142463559","",
"Cuba","CUB","Commercial bank branches (per 100,000 adults)","FB.CBK.BRCH.P5","","","","","","","","","","","","","","","","","","","","","","","","","","","","","","","","","","","","","","","","","","","","","","","","","","","","","","",
"Curacao","CUW","Commercial bank branches (per 100,000 adults)","FB.CBK.BRCH.P5","","","","","","","","","","","","","","","","","","","","","","","","","","","","","","","","","","","","","","","","","","","","","","","","","","","","","","",
"Cayman Islands","CYM","Commercial bank branches (per 100,000 adults)","FB.CBK.BRCH.P5","","","","","","","","","","","","","","","","","","","","","","","","","","","","","","","","","","","","","","","","","","","","","","","","","","","","","","",
"Cyprus","CYP","Commercial bank branches (per 100,000 adults)","FB.CBK.BRCH.P5","","","","","","","","","","","","","","","","","","","","","","","","","","","","","","","","","","","","","","","","","","","","","126.102936693094","120.151732464903","116.455534456902","111.960884139084","109.894994376993","108.994207286709","104.895027723945","102.194024890241","96.9758920013219","",
"Czech Republic","CZE","Commercial bank branches (per 100,000 adults)","FB.CBK.BRCH.P5","","","","","","","","","","","","","","","","","","","","","","","","","","","","","","","","","","","","","","","","","","","","","21.0187782913458","21.3743469216574","21.8387400591372","21.499883423","22.692404536996","22.5994203259269","22.45371185589","23.0993815830891","23.629133286858","",
"Germany","DEU","Commercial bank branches (per 100,000 adults)","FB.CBK.BRCH.P5","","","","","","","","","","","","","","","","","","","","","","","","","","","","","","","","","","","","","","","","","","","","","21.2822097775547","20.1887351931982","16.6822331541479","16.3011675415056","16.3036041543353","15.8394955965391","15.6841795252799","15.5196763926591","13.8985284395382","",
"Djibouti","DJI","Commercial bank branches (per 100,000 adults)","FB.CBK.BRCH.P5","","","","","","","","","","","","","","","","","","","","","","","","","","","","","","","","","","","","","","","","","","","","","2.04081632653061","2.01207243460765","2.38095238095238","2.34833659491194","3.08880308880309","3.61216730038023","4.49438202247191","5.16605166051661","5.45454545454546","",
"Dominica","DMA","Commercial bank branches (per 100,000 adults)","FB.CBK.BRCH.P5","","","","","","","","","","","","","","","","","","","","","","","","","","","","","","","","","","","","","","","","","","","","","24.897666524128","24.6681604832308","24.4692482163102","24.2909534233856","24.1229058250732","23.949139553272","23.7579110778774","23.5477487202559","23.3248489720664","",
"Denmark","DNK","Commercial bank branches (per 100,000 adults)","FB.CBK.BRCH.P5","","","","","","","","","","","","","","","","","","","","","","","","","","","","","","","","","","","","","","","","","","","","","50.1132505589812","50.2219983612812","50.5429339969398","51.8740791495669","50.4595360266409","45.8089816681568","40.8924142685369","38.7188558354928","34.3075705118777","",
"Dominican Republic","DOM","Commercial bank branches (per 100,000 adults)","FB.CBK.BRCH.P5","","","","","","","","","","","","","","","","","","","","","","","","","","","","","","","","","","","","","","","","","","","","","9.8065819905593","9.76949768490632","9.74674147845227","9.75347067400238","9.87986618446174","10.0325473544652","10.0665566750321","10.487717208915","10.3233361180761","",
"Algeria","DZA","Commercial bank branches (per 100,000 adults)","FB.CBK.BRCH.P5","","","","","","","","","","","","","","","","","","","","","","","","","","","","","","","","","","","","","","","","","","","","","4.60027557335745","4.59131801211472","4.80353967749568","4.91035146883887","5.07457502149593","5.04151938422412","4.86832265486883","5.02052269554057","5.05540205729037","",
"East Asia & Pacific (developing only)","EAP","Commercial bank branches (per 100,000 adults)","FB.CBK.BRCH.P5","","","","","","","","","","","","","","","","","","","","","","","","","","","","","","","","","","","","","","","","","","","","","7.84177097985069","8.04943448357045","6.831378327575","6.0695278618608","5.00664683670442","5.7531058800393","5.8770726163946","4.16475869485718","6.05627825969841","",
"East Asia & Pacific (all income levels)","EAS","Commercial bank branches (per 100,000 adults)","FB.CBK.BRCH.P5","","","","","","","","","","","","","","","","","","","","","","","","","","","","","","","","","","","","","","","","","","","","","13.8907699979199","15.9028216897036","14.0762419266341","10.737093762525","10.3884160368496","10.5844483858014","10.6908564130507","9.96138667859012","9.67448718937175","",
"Europe & Central Asia (developing only)","ECA","Commercial bank branches (per 100,000 adults)","FB.CBK.BRCH.P5","","","","","","","","","","","","","","","","","","","","","","","","","","","","","","","","","","","","","","","","","","","","","9.1627334192559","11.6304858720753","13.303758435407","15.5246104068599","17.9292805589429","17.5994355109952","17.8740780765066","19.4089359721302","20.6349315570233","",
"Europe & Central Asia (all income levels)","ECS","Commercial bank branches (per 100,000 adults)","FB.CBK.BRCH.P5","","","","","","","","","","","","","","","","","","","","","","","","","","","","","","","","","","","","","","","","","","","","","22.9276258404487","24.2330731368681","26.3469561277211","26.1481573776335","27.5746331036512","25.5596802529329","25.6838168979486","24.2066944260064","23.629133286858","",
"Ecuador","ECU","Commercial bank branches (per 100,000 adults)","FB.CBK.BRCH.P5","","","","","","","","","","","","","","","","","","","","","","","","","","","","","","","","","","","","","","","","","","","","","12.9894646313686","15.031733109381","14.5618933786709","14.2734187016992","17.9627470374309","25.0586041079974","34.7626819285062","43.0168708613663","81.1383828894142","",
"Egypt, Arab Rep.","EGY","Commercial bank branches (per 100,000 adults)","FB.CBK.BRCH.P5","","","","","","","","","","","","","","","","","","","","","","","","","","","","","","","","","","","","","","","","","","","","","3.82012149102007","3.83326443255265","3.94366613579349","4.24022351221425","4.48266717586763","4.60667729506502","4.63087764061754","4.64223765940105","4.68631511533915","",
"Euro area","EMU","Commercial bank branches (per 100,000 adults)","FB.CBK.BRCH.P5","","","","","","","","","","","","","","","","","","","","","","","","","","","","","","","","","","","","","","","","","","","","","33.6343984202512","32.7512329989915","35.7150447143253","37.6721323150112","37.2414857799183","37.2554371973087","35.3540238936374","34.3012526947829","31.6749242695609","",
"Eritrea","ERI","Commercial bank branches (per 100,000 adults)","FB.CBK.BRCH.P5","","","","","","","","","","","","","","","","","","","","","","","","","","","","","","","","","","","","","","","","","","","","","","","","","","","","","","",
"Spain","ESP","Commercial bank branches (per 100,000 adults)","FB.CBK.BRCH.P5","","","","","","","","","","","","","","","","","","","","","","","","","","","","","","","","","","","","","","","","","","","","","98.1910947286536","100.0604377988","102.664417663183","105.247935107113","104.921954015498","100.333098477634","97.1374188093419","89.6320704981362","85.1219336267457","",
"Estonia","EST","Commercial bank branches (per 100,000 adults)","FB.CBK.BRCH.P5","","","","","","","","","","","","","","","","","","","","","","","","","","","","","","","","","","","","","","","","","","","","","18.6238816646586","21.0456357117183","22.7041850847694","24.0414670477741","23.8165136099052","20.2503994686845","19.4042336685381","17.2310920003631","17.0022318064107","",
"Ethiopia","ETH","Commercial bank branches (per 100,000 adults)","FB.CBK.BRCH.P5","","","","","","","","","","","","","","","","","","","","","","","","","","","","","","","","","","","","","","","","","","","","","0.840998431480655","0.920208043189638","0.943404804899861","1.082613211105","1.19995417270529","1.32230500495983","1.36982783888206","1.90778696547664","2.94512833327655","",
"European Union","EUU","Commercial bank branches (per 100,000 adults)","FB.CBK.BRCH.P5","","","","","","","","","","","","","","","","","","","","","","","","","","","","","","","","","","","","","","","","","","","","","29.0729876616572","28.3869871756348","30.7968773635828","32.6708817732058","34.2209556316899","33.7620826063038","31.9613474615937","32.0854461832065","32.2226525612526","",
"Fragile and conflict affected situations","FCS","Commercial bank branches (per 100,000 adults)","FB.CBK.BRCH.P5","","","","","","","","","","","","","","","","","","","","","","","","","","","","","","","","","","","","","","","","","","","","","1.64865184329536","1.74077515009617","1.93189310013571","1.97945657661435","2.23420013485318","2.66293814515033","2.63638001624224","2.88029139041624","2.92178132563696","",
"Finland","FIN","Commercial bank branches (per 100,000 adults)","FB.CBK.BRCH.P5","","","","","","","","","","","","","","","","","","","","","","","","","","","","","","","","","","","","","","","","","","","","","13.1734203707436","14.4161708315239","16.9418862478095","16.1010496769587","16.0574374067703","14.9615468291786","15.4978256889405","15.0806296823443","13.5896000193373","",
"Fiji","FJI","Commercial bank branches (per 100,000 adults)","FB.CBK.BRCH.P5","","","","","","","","","","","","","","","","","","","","","","","","","","","","","","","","","","","","","","","","","","","","","9.25484890042235","9.63737197627454","10.5299790375559","11.2301565101905","11.5808925343525","11.2674399217051","11.1341435060108","10.8513271011085","10.5274068891351","",
"France","FRA","Commercial bank branches (per 100,000 adults)","FB.CBK.BRCH.P5","","","","","","","","","","","","","","","","","","","","","","","","","","","","","","","","","","","","","","","","","","","","","21.5246285706939","21.9717184182034","45.8615270089582","44.8486990044192","44.5054111389779","41.8538995274472","41.4890224338133","41.2477923825498","38.8297546299171","",
"Faeroe Islands","FRO","Commercial bank branches (per 100,000 adults)","FB.CBK.BRCH.P5","","","","","","","","","","","","","","","","","","","","","","","","","","","","","","","","","","","","","","","","","","","","","","","","","","","","","","",
"Micronesia, Fed. Sts.","FSM","Commercial bank branches (per 100,000 adults)","FB.CBK.BRCH.P5","","","","","","","","","","","","","","","","","","","","","","","","","","","","","","","","","","","","","","","","","","","","","11.9502589147524","11.8362455429138","11.7364420657081","11.6455743991599","11.5572288735805","14.3267991809921","14.1900329208764","14.0349783722868","14.0349783722868","",
"Gabon","GAB","Commercial bank branches (per 100,000 adults)","FB.CBK.BRCH.P5","","","","","","","","","","","","","","","","","","","","","","","","","","","","","","","","","","","","","","","","","","","","","2.44495606666675","4.0377266174064","4.03670690878936","4.14410332399074","4.025643857376","4.44244482657834","4.94105730391208","5.61643594101802","7.52201242100628","",
"United Kingdom","GBR","Commercial bank branches (per 100,000 adults)","FB.CBK.BRCH.P5","","","","","","","","","","","","","","","","","","","","","","","","","","","","","","","","","","","","","","","","","","","","","29.0729876616572","28.3869871756348","26.5211994509839","26.4976343245256","26.1641970767234","25.5596802529329","24.8721556848126","24.2254562291682","","",
"Georgia","GEO","Commercial bank branches (per 100,000 adults)","FB.CBK.BRCH.P5","","","","","","","","","","","","","","","","","","","","","","","","","","","","","","","","","","","","","","","","","","","","","9.2113386687264","10.2554585616258","12.0922880183828","15.4142901527024","19.3204486938245","17.7523820237617","17.7652148128802","19.4089359721302","22.7460982782049","",
"Ghana","GHA","Commercial bank branches (per 100,000 adults)","FB.CBK.BRCH.P5","","","","","","","","","","","","","","","","","","","","","","","","","","","","","","","","","","","","","","","","","","","","","3.0622337346196","3.22919935831628","3.5953889691188","4.55479513918535","4.75635002910121","5.08624988918375","5.36081557242195","5.3820077233087","5.72648344252243","",
"Guinea","GIN","Commercial bank branches (per 100,000 adults)","FB.CBK.BRCH.P5","","","","","","","","","","","","","","","","","","","","","","","","","","","","","","","","","","","","","","","","","","","","","","","","","0.955595711664634","1.09336149304942","1.19029277367907","1.29667296142782","","",
"Gambia, The","GMB","Commercial bank branches (per 100,000 adults)","FB.CBK.BRCH.P5","","","","","","","","","","","","","","","","","","","","","","","","","","","","","","","","","","","","","","","","","","","","","4.25410856045343","4.51128003144731","5.24811081687925","6.17724340876715","7.3951039465481","7.73314275295538","9.47172053643126","9.16963643494335","8.77121468864216","",
"Guinea-Bissau","GNB","Commercial bank branches (per 100,000 adults)","FB.CBK.BRCH.P5","","","","","","","","","","","","","","","","","","","","","","","","","","","","","","","","","","","","","","","","","","","","","0.129793745537528","0.253738519917839","0.371768331047921","0.483919019892467","1.18065984717539","1.84341017507807","1.91148046410746","2.30472610509007","2.52422382938437","",
"Equatorial Guinea","GNQ","Commercial bank branches (per 100,000 adults)","FB.CBK.BRCH.P5","","","","","","","","","","","","","","","","","","","","","","","","","","","","","","","","","","","","","","","","","","","","","3.1585362024626","3.32127525899028","3.74158271305157","3.87690465016298","4.00398810547605","4.12197156324559","4.46538737235455","4.55760876302621","5.46913051563145","",
"Greece","GRC","Commercial bank branches (per 100,000 adults)","FB.CBK.BRCH.P5","","","","","","","","","","","","","","","","","","","","","","","","","","","","","","","","","","","","","","","","","","","","","33.5983230783075","34.6802131801438","37.4302892511686","39.3949277320131","41.7541911592779","41.3526318673101","40.3876243949225","38.757866881627","36.7980044002661","",
"Grenada","GRD","Commercial bank branches (per 100,000 adults)","FB.CBK.BRCH.P5","","","","","","","","","","","","","","","","","","","","","","","","","","","","","","","","","","","","","","","","","","","","","38.0785833550356","34.7101702013223","34.2470440897404","33.8560714771002","33.5210513458786","33.223032584509","32.94675817925","33.9949265770331","35.0462741855482","",
"Greenland","GRL","Commercial bank branches (per 100,000 adults)","FB.CBK.BRCH.P5","","","","","","","","","","","","","","","","","","","","","","","","","","","","","","","","","","","","","","","","","","","","","","","","","","","","","","",
"Guatemala","GTM","Commercial bank branches (per 100,000 adults)","FB.CBK.BRCH.P5","","","","","","","","","","","","","","","","","","","","","","","","","","","","","","","","","","","","","","","","","","","","","18.7412872398581","18.5239174878361","18.1731901954028","28.9688867991995","31.8041946386935","34.3823226332944","35.1725826332968","35.9773852488346","37.6582486876601","",
"Guam","GUM","Commercial bank branches (per 100,000 adults)","FB.CBK.BRCH.P5","","","","","","","","","","","","","","","","","","","","","","","","","","","","","","","","","","","","","","","","","","","","","","","","","","","","","","",
"Guyana","GUY","Commercial bank branches (per 100,000 adults)","FB.CBK.BRCH.P5","","","","","","","","","","","","","","","","","","","","","","","","","","","","","","","","","","","","","","","","","","","","","6.01398960451321","6.01064925848367","6.21268500008551","6.41130377751998","6.60110928912567","6.77473379275014","6.92647764000207","7.65868082577667","7.95423113096531","",
"High income","HIC","Commercial bank branches (per 100,000 adults)","FB.CBK.BRCH.P5","","","","","","","","","","","","","","","","","","","","","","","","","","","","","","","","","","","","","","","","","","","","","25.8533330196939","26.0781179241177","26.7497968570223","26.4976343245256","27.5746331036512","25.5596802529329","24.8721556848126","24.1392821826843","23.629133286858","",
"Hong Kong SAR, China","HKG","Commercial bank branches (per 100,000 adults)","FB.CBK.BRCH.P5","","","","","","","","","","","","","","","","","","","","","","","","","","","","","","","","","","","","","","","","","","","","","23.5661987665345","23.2040055119025","23.0228730754997","23.3314867726239","23.646558165093","23.3114196872043","23.5826284322719","23.704859267686","23.4819794626171","",
"Honduras","HND","Commercial bank branches (per 100,000 adults)","FB.CBK.BRCH.P5","","","","","","","","","","","","","","","","","","","","","","","","","","","","","","","","","","","","","","","","","","","","","16.2463970968758","17.0992041443307","19.2164774107274","22.9159584693459","24.3551931468358","23.4079848624745","20.5730731348871","20.8946673382961","22.954627657382","",
"Heavily indebted poor countries (HIPC)","HPC","Commercial bank branches (per 100,000 adults)","FB.CBK.BRCH.P5","","","","","","","","","","","","","","","","","","","","","","","","","","","","","","","","","","","","","","","","","","","","","1.19670100257928","1.25159636701146","1.44894298836019","1.76483987895151","2.19180591853199","2.66293814515033","2.7992659136953","2.75955365858623","2.97621181424958","",
"Croatia","HRV","Commercial bank branches (per 100,000 adults)","FB.CBK.BRCH.P5","","","","","","","","","","","","","","","","","","","","","","","","","","","","","","","","","","","","","","","","","","","","","28.8690695557906","30.7645089970299","30.7968773635828","32.6708817732058","34.2927382818683","35.5355454401017","34.9278465160764","35.73552771797","35.4777294303293","",
"Haiti","HTI","Commercial bank branches (per 100,000 adults)","FB.CBK.BRCH.P5","","","","","","","","","","","","","","","","","","","","","","","","","","","","","","","","","","","","","","","","","","","","","3.15201084789622","3.13866681781256","3.07599188309318","2.94992724335225","2.91096978136591","2.90451364187947","2.48470602519161","2.63750275481287","2.73682758030848","",
"Hungary","HUN","Commercial bank branches (per 100,000 adults)","FB.CBK.BRCH.P5","","","","","","","","","","","","","","","","","","","","","","","","","","","","","","","","","","","","","","","","","","","","","13.7876124302766","14.8069930910787","16.1140700150121","17.2811281386403","17.9292805589429","17.5994355109952","16.7416340681244","16.4179143170754","16.0426407349418","",
"Indonesia","IDN","Commercial bank branches (per 100,000 adults)","FB.CBK.BRCH.P5","","","","","","","","","","","","","","","","","","","","","","","","","","","","","","","","","","","","","","","","","","","","","5.21266076039498","5.324887513964","5.79723463953557","6.0695278618608","6.70602501818166","7.79124992783968","8.26539179502208","8.69029066341862","9.59050848722603","",
"Isle of Man","IMN","Commercial bank branches (per 100,000 adults)","FB.CBK.BRCH.P5","","","","","","","","","","","","","","","","","","","","","","","","","","","","","","","","","","","","","","","","","","","","","","","","","","","","","","",
"India","IND","Commercial bank branches (per 100,000 adults)","FB.CBK.BRCH.P5","","","","","","","","","","","","","","","","","","","","","","","","","","","","","","","","","","","","","","","","","","","","","8.99234345208288","8.96168116897469","8.93506485449458","9.04812755703703","9.35468742584314","9.64582815299533","10.0817932742559","10.5359020821128","11.3835480281382","",
"Not classified","INX","Commercial bank branches (per 100,000 adults)","FB.CBK.BRCH.P5","","","","","","","","","","","","","","","","","","","","","","","","","","","","","","","","","","","","","","","","","","","","","","","","","","","","","","",
"Ireland","IRL","Commercial bank branches (per 100,000 adults)","FB.CBK.BRCH.P5","","","","","","","","","","","","","","","","","","","","","","","","","","","","","","","","","","","","","","","","","","","","","35.8901808176385","34.5691070878856","33.999800177482","33.4336162509315","34.1491729815116","34.9049404507929","28.672623069332","27.6505345544512","25.0441317071054","",
"Iran, Islamic Rep.","IRN","Commercial bank branches (per 100,000 adults)","FB.CBK.BRCH.P5","","","","","","","","","","","","","","","","","","","","","","","","","","","","","","","","","","","","","","","","","","","","","28.4912942216455","27.8584415358999","27.5347139596284","27.6228128472393","28.3958771971233","28.0628298210658","25.8607175192125","29.1195143101323","27.0676015318175","",
"Iraq","IRQ","Commercial bank branches (per 100,000 adults)","FB.CBK.BRCH.P5","","","","","","","","","","","","","","","","","","","","","","","","","","","","","","","","","","","","","","","","","","","","","","","3.32048843440125","3.28508351935286","3.2778851264913","4.59964862148624","5.0283491477749","4.90153894207543","5.37636728940558","",
"Iceland","ISL","Commercial bank branches (per 100,000 adults)","FB.CBK.BRCH.P5","","","","","","","","","","","","","","","","","","","","","","","","","","","","","","","","","","","","","","","","","","","","","90.7763136013982","86.0367819448702","77.4502876233121","73.2233680039573","69.6524003398333","60.8749435495488","57.6524225862038","52.2412760519581","47.2730271118081","",
"Israel","ISR","Commercial bank branches (per 100,000 adults)","FB.CBK.BRCH.P5","","","","","","","","","","","","","","","","","","","","","","","","","","","","","","","","","","","","","","","","","","","","","19.8097065943897","19.6009006823149","19.4158998512973","19.4488815544414","19.7948065012025","19.6473064789169","19.3795883775832","20.0970772608855","20.0662225272083","",
"Italy","ITA","Commercial bank branches (per 100,000 adults)","FB.CBK.BRCH.P5","","","","","","","","","","","","","","","","","","","","","","","","","","","","","","","","","","","","","","","","","","","","","63.5117052659562","64.1386402121855","65.4288116648446","66.7136456051887","70.3482544768956","67.587576351693","66.4608248592614","65.9838429248555","64.430302072727","",
"Jamaica","JAM","Commercial bank branches (per 100,000 adults)","FB.CBK.BRCH.P5","","","","","","","","","","","","","","","","","","","","","","","","","","","","","","","","","","","","","","","","","","","","","7.30034048007412","7.0663107263669","7.05123243453294","7.03477643133416","7.2311766881836","6.89908730278044","6.5735222405842","6.45421719407702","6.38227545688387","",
"Jordan","JOR","Commercial bank branches (per 100,000 adults)","FB.CBK.BRCH.P5","","","","","","","","","","","","","","","","","","","","","","","","","","","","","","","","","","","","","","","","","","","","","19.1620098170087","18.8080451950616","18.1414805218228","18.4434892121891","18.4987145785686","18.5112691917083","19.338894917299","19.6882314466624","19.7984979644334","",
"Japan","JPN","Commercial bank branches (per 100,000 adults)","FB.CBK.BRCH.P5","","","","","","","","","","","","","","","","","","","","","","","","","","","","","","","","","","","","","","","","","","","","","34.589839349375","34.3772313897262","34.1472890369442","33.966331838949","33.9452920876667","33.9433103346277","33.984019038786","33.8954480363326","33.9152963157257","",
"Kazakhstan","KAZ","Commercial bank branches (per 100,000 adults)","FB.CBK.BRCH.P5","","","","","","","","","","","","","","","","","","","","","","","","","","","","","","","","","","","","","","","","","","","","","3.71797195322655","3.94130547590325","3.06966766807389","3.28654470763429","3.49376350384034","3.37847470991575","3.27763252484964","3.34139466188358","3.33336246317713","",
"Kenya","KEN","Commercial bank branches (per 100,000 adults)","FB.CBK.BRCH.P5","","","","","","","","","","","","","","","","","","","","","","","","","","","","","","","","","","","","","","","","","","","","","2.71175136904068","2.6085479566832","2.70821502696133","3.54161455173106","4.11925145697715","4.42696073433268","4.74428171424711","5.03541987314669","5.4905283028092","",
"Kyrgyz Republic","KGZ","Commercial bank branches (per 100,000 adults)","FB.CBK.BRCH.P5","","","","","","","","","","","","","","","","","","","","","","","","","","","","","","","","","","","","","","","","","","","","","5.14809112590421","5.32654268824299","5.34545291003859","6.44520870055858","6.85150544675612","6.94208960379993","6.11384137059115","7.17952903030013","7.80158208707704","",
"Cambodia","KHM","Commercial bank branches (per 100,000 adults)","FB.CBK.BRCH.P5","","","","","","","","","","","","","","","","","","","","","","","","","","","","","","","","","","","","","","","","","","","","","","","2.2734917343257","2.95952479496251","3.06096241169267","3.86086650154727","4.0136123443444","4.16475869485718","4.38269713728562","",
"Kiribati","KIR","Commercial bank branches (per 100,000 adults)","FB.CBK.BRCH.P5","","","","","","","","","","","","","","","","","","","","","","","","","","","","","","","","","","","","","","","","","","","","","","","","","","","","6.01151210880898","5.8678557836461","",
"St. Kitts and Nevis","KNA","Commercial bank branches (per 100,000 adults)","FB.CBK.BRCH.P5","","","","","","","","","","","","","","","","","","","","","","","","","","","","","","","","","","","","","","","","","","","","","66.2942813428138","64.9231606425607","63.6487924603785","62.4577655073972","66.9107389394898","65.7359460178269","64.5927283648878","52.9010466851358","54.6064558263439","",
"Korea, Rep.","KOR","Commercial bank branches (per 100,000 adults)","FB.CBK.BRCH.P5","","","","","","","","","","","","","","","","","","","","","","","","","","","","","","","","","","","","","","","","","","","","","16.8783333783387","17.4069319709121","17.9023384032225","18.3837788287594","18.7736862886508","18.2699876455673","18.262734994917","18.3026012574812","18.4132763850442","",
"Kosovo","KSV","Commercial bank branches (per 100,000 adults)","FB.CBK.BRCH.P5","","","","","","","","","","","","","","","","","","","","","","","","","","","","","","","","","","","","","","","","","","","","","22.4990731505278","22.3712212594279","22.0973257408514","21.8414387935498","21.6006330283418","21.3705529570797","21.3374974074722","20.9209604410927","20.6349315570233","",
"Kuwait","KWT","Commercial bank branches (per 100,000 adults)","FB.CBK.BRCH.P5","","","","","","","","","","","","","","","","","","","","","","","","","","","","","","","","","","","","","","","","","","","","","12.5449910436767","13.4631311279831","14.5974293870489","15.8804025479243","16.5048820164891","17.5038371815159","17.9963977293631","18.8487232072815","18.6064517007611","",
"Latin America & Caribbean (developing only)","LAC","Commercial bank branches (per 100,000 adults)","FB.CBK.BRCH.P5","","","","","","","","","","","","","","","","","","","","","","","","","","","","","","","","","","","","","","","","","","","","","10.2181131043703","10.6957057889042","13.1915749607876","13.5352595503726","13.9472145253581","13.807549204224","13.9432070326186","14.4380036164045","14.7221495360671","",
"Lao PDR","LAO","Commercial bank branches (per 100,000 adults)","FB.CBK.BRCH.P5","","","","","","","","","","","","","","","","","","","","","","","","","","","","","","","","","","","","","","","","","","","","","","","","","","","","2.49331320172206","2.70908069033262","",
"Lebanon","LBN","Commercial bank branches (per 100,000 adults)","FB.CBK.BRCH.P5","","","","","","","","","","","","","","","","","","","","","","","","","","","","","","","","","","","","","","","","","","","","","30.8150023541555","30.5818376071599","29.8256080069238","29.6600712143659","29.3990497634787","29.3457061649491","29.1665612797227","29.5607756610441","29.3010496579138","",
"Liberia","LBR","Commercial bank branches (per 100,000 adults)","FB.CBK.BRCH.P5","","","","","","","","","","","","","","","","","","","","","","","","","","","","","","","","","","","","","","","","","","","","","","","0.834757627023339","1.10382199536559","1.63664155464127","2.91359119786382","3.6123735135801","3.7130054355983","3.64608050099714","",
"Libya","LBY","Commercial bank branches (per 100,000 adults)","FB.CBK.BRCH.P5","","","","","","","","","","","","","","","","","","","","","","","","","","","","","","","","","","","","","","","","","","","","","9.16092997174747","9.24983801518495","11.097214280521","11.1872542271052","11.1135242110771","11.2562818323215","11.5674858918842","11.5146447001734","11.7002407299589","",
"St. Lucia","LCA","Commercial bank branches (per 100,000 adults)","FB.CBK.BRCH.P5","","","","","","","","","","","","","","","","","","","","","","","","","","","","","","","","","","","","","","","","","","","","","25.0650394401275","24.5069043625985","23.9345018735","23.3607215099564","22.8096810233724","22.307863993053","21.8707814359989","21.4994771209095","21.1827267933171","",
"Latin America & Caribbean (all income levels)","LCN","Commercial bank branches (per 100,000 adults)","FB.CBK.BRCH.P5","","","","","","","","","","","","","","","","","","","","","","","","","","","","","","","","","","","","","","","","","","","","","11.5612044685601","12.8218024407827","13.2615156612555","13.5229195165187","13.7620257654338","13.7333238971125","13.7123986582901","14.2115599975913","14.5177673637544","",
"Latin America and the Caribbean","LCR","Commercial bank branches (per 100,000 adults)","FB.CBK.BRCH.P5","","","","","","","","","","","","","","","","","","","","","","","","","","","","","","","","","","","","","","","","","","","","","","","","","","","","","","",
"Least developed countries: UN classification","LDC","Commercial bank branches (per 100,000 adults)","FB.CBK.BRCH.P5","","","","","","","","","","","","","","","","","","","","","","","","","","","","","","","","","","","","","","","","","","","","","1.48134289620375","1.50915523620023","1.62449050244581","1.96301905597543","2.17830966779963","2.35338603496709","2.63638001624224","2.63750275481287","2.96067007376306","",
"Low income","LIC","Commercial bank branches (per 100,000 adults)","FB.CBK.BRCH.P5","","","","","","","","","","","","","","","","","","","","","","","","","","","","","","","","","","","","","","","","","","","","","1.20086155244139","1.29180080431597","1.44894298836019","1.73116412937805","2.17830966779963","2.76320274091571","2.81047782009773","2.63750275481287","3.16208188562536","",
"Liechtenstein","LIE","Commercial bank branches (per 100,000 adults)","FB.CBK.BRCH.P5","","","","","","","","","","","","","","","","","","","","","","","","","","","","","","","","","","","","","","","","","","","","","","","","","","","","","","",
"Sri Lanka","LKA","Commercial bank branches (per 100,000 adults)","FB.CBK.BRCH.P5","","","","","","","","","","","","","","","","","","","","","","","","","","","","","","","","","","","","","","","","","","","","","8.62127542210865","8.89984595236673","11.8051544805702","13.0113275403788","13.8070302616585","14.5402566934825","15.4555297577818","16.7724001503482","17.4869337436685","",
"Lower middle income","LMC","Commercial bank branches (per 100,000 adults)","FB.CBK.BRCH.P5","","","","","","","","","","","","","","","","","","","","","","","","","","","","","","","","","","","","","","","","","","","","","5.14809112590421","5.32654268824299","5.79723463953557","6.0695278618608","6.35100687369613","6.91389984912638","6.71009430820745","7.22231028029483","7.5590995446063","",
"Low & middle income","LMY","Commercial bank branches (per 100,000 adults)","FB.CBK.BRCH.P5","","","","","","","","","","","","","","","","","","","","","","","","","","","","","","","","","","","","","","","","","","","","","4.90168191241809","5.48212313105929","5.65377174799637","6.06437511191782","6.42666926686105","6.89908730278044","7.21654530688954","7.38739661936456","7.93850278542604","",
"Lesotho","LSO","Commercial bank branches (per 100,000 adults)","FB.CBK.BRCH.P5","","","","","","","","","","","","","","","","","","","","","","","","","","","","","","","","","","","","","","","","","","","","","2.61703147180106","2.49655434015636","2.03777874720096","2.1760417712307","2.30839883652808","2.35338603496709","3.43241300913194","3.45205253962179","3.39091467311169","",
"Lithuania","LTU","Commercial bank branches (per 100,000 adults)","FB.CBK.BRCH.P5","","","","","","","","","","","","","","","","","","","","","","","","","","","","","","","","","","","","","","","","","","","","","23.3561785303696","24.8791307702098","26.9783942630606","28.7357173717607","28.5080416620448","28.2126553679185","27.7331390656104","","","",
"Luxembourg","LUX","Commercial bank branches (per 100,000 adults)","FB.CBK.BRCH.P5","","","","","","","","","","","","","","","","","","","","","","","","","","","","","","","","","","","","","","","","","","","","","110.982901332135","105.406786577321","100.649591618306","97.5721663079794","94.8369302752028","91.1614277427469","88.8611168076129","86.3203197144839","82.9772537282","",
"Latvia","LVA","Commercial bank branches (per 100,000 adults)","FB.CBK.BRCH.P5","","","","","","","","","","","","","","","","","","","","","","","","","","","","","","","","","","","","","","","","","","","","","30.7980768790364","30.9333589100974","32.2443717033759","35.9493368980093","35.0453848887468","33.4760187439405","31.934530685453","30.3346218928158","22.4759115578894","",
"Macao SAR, China","MAC","Commercial bank branches (per 100,000 adults)","FB.CBK.BRCH.P5","","","","","","","","","","","","","","","","","","","","","","","","","","","","","","","","","","","","","","","","","","","","","34.3963283684485","34.1224672785464","35.7911928621529","35.7257070365485","35.9139883897772","35.9204532764185","35.7771149249845","36.3305431632429","36.9498137853437","",
"St. Martin (French part)","MAF","Commercial bank branches (per 100,000 adults)","FB.CBK.BRCH.P5","","","","","","","","","","","","","","","","","","","","","","","","","","","","","","","","","","","","","","","","","","","","","","","","","","","","","","",
"Morocco","MAR","Commercial bank branches (per 100,000 adults)","FB.CBK.BRCH.P5","","","","","","","","","","","","","","","","","","","","","","","","","","","","","","","","","","","","","","","","","","","","","9.85841444895321","10.5690296653639","11.4448555049894","12.6018703685624","14.156367034954","19.620851823358","20.8936572838524","21.9750634447827","23.4052409955538","",
"Mexico and Central America","MCA","Commercial bank branches (per 100,000 adults)","FB.CBK.BRCH.P5","","","","","","","","","","","","","","","","","","","","","","","","","","","","","","","","","","","","","","","","","","","","","","","","","","","","","","",
"Monaco","MCO","Commercial bank branches (per 100,000 adults)","FB.CBK.BRCH.P5","","","","","","","","","","","","","","","","","","","","","","","","","","","","","","","","","","","","","","","","","","","","","","","","","","","","","","",
"Moldova","MDA","Commercial bank branches (per 100,000 adults)","FB.CBK.BRCH.P5","","","","","","","","","","","","","","","","","","","","","","","","","","","","","","","","","","","","","","","","","","","","","7.30467011657528","7.82667539722127","8.25510565514354","9.20079725048769","10.6578027038644","10.2250870801854","10.3765672581476","11.2795926384325","11.4816151931507","",
"Madagascar","MDG","Commercial bank branches (per 100,000 adults)","FB.CBK.BRCH.P5","","","","","","","","","","","","","","","","","","","","","","","","","","","","","","","","","","","","","","","","","","","","","1.16755347851184","1.15917756999716","1.18844738133276","1.31649228937002","1.38092601234901","1.46541486108057","1.52566987079041","1.58804537249744","1.66787567075034","",
"Maldives","MDV","Commercial bank branches (per 100,000 adults)","FB.CBK.BRCH.P5","","","","","","","","","","","","","","","","","","","","","","","","","","","","","","","","","","","","","","","","","","","","","13.804235020986","13.3044728005381","15.3238526128516","15.7909095764542","16.7072744980053","16.228790056647","15.7847660319488","15.7982605383547","15.8197545444151","",
"Middle East & North Africa (all income levels)","MEA","Commercial bank branches (per 100,000 adults)","FB.CBK.BRCH.P5","","","","","","","","","","","","","","","","","","","","","","","","","","","","","","","","","","","","","","","","","","","","","10.9057384436958","11.3999864498547","11.4448555049894","12.8471446927119","13.5418171683469","13.6139827390314","14.2275609717645","13.2873028277539","13.2159159429872","",
"Mexico","MEX","Commercial bank branches (per 100,000 adults)","FB.CBK.BRCH.P5","","","","","","","","","","","","","","","","","","","","","","","","","","","","","","","","","","","","","","","","","","","","","10.6296442181813","10.6957057889042","11.0646641935006","12.2056661051677","13.1047744948549","13.7333238971125","14.1740154069471","14.2115599975913","14.5177673637544","",
"Marshall Islands","MHL","Commercial bank branches (per 100,000 adults)","FB.CBK.BRCH.P5","","","","","","","","","","","","","","","","","","","","","","","","","","","","","","","","","","","","","","","","","","","","","11.8791671568294","11.7939025843023","11.7052224949035","14.5161729202744","17.278024125224","17.141030341386","17.0103978955749","19.7043632298377","","",
"Middle income","MIC","Commercial bank branches (per 100,000 adults)","FB.CBK.BRCH.P5","","","","","","","","","","","","","","","","","","","","","","","","","","","","","","","","","","","","","","","","","","","","","7.65689754386552","8.07309515269414","8.37713441520353","9.04812755703703","9.53772176683391","10.0325473544652","10.0718940319427","10.5307084658891","10.3692232227588","",
"Macedonia, FYR","MKD","Commercial bank branches (per 100,000 adults)","FB.CBK.BRCH.P5","","","","","","","","","","","","","","","","","","","","","","","","","","","","","","","","","","","","","","","","","","","","","17.4099844797229","16.527144917352","18.8769168443888","20.0467109103183","24.4292891630752","25.3786557680987","25.6838168979486","24.1879326228445","24.7735968510006","",
"Mali","MLI","Commercial bank branches (per 100,000 adults)","FB.CBK.BRCH.P5","","","","","","","","","","","","","","","","","","","","","","","","","","","","","","","","","","","","","","","","","","","","","2.38357299684821","2.42567947731631","2.57492708238723","2.90233675036847","2.7888513712715","3.13640932995855","3.55822374455647","4.12968152049471","3.89097160601524","",
"Malta","MLT","Commercial bank branches (per 100,000 adults)","FB.CBK.BRCH.P5","","","","","","","","","","","","","","","","","","","","","","","","","","","","","","","","","","","","","","","","","","","","","38.8272010703406","39.201704826202","37.2577968632383","38.324244381936","39.9559354750021","40.2115984851793","39.6010283272634","41.6572119254736","38.2348140128795","",
"Myanmar","MMR","Commercial bank branches (per 100,000 adults)","FB.CBK.BRCH.P5","","","","","","","","","","","","","","","","","","","","","","","","","","","","","","","","","","","","","","","","","","","","","1.82667391712758","1.74077515009617","1.4255663007767","1.44494572067641","1.4690741428094","1.48356005455542","1.51966974155857","1.66489910560706","1.87232009052489","",
"Middle East & North Africa (developing only)","MNA","Commercial bank branches (per 100,000 adults)","FB.CBK.BRCH.P5","","","","","","","","","","","","","","","","","","","","","","","","","","","","","","","","","","","","","","","","","","","","","9.16092997174747","9.24983801518495","9.73717434786226","9.84943791731416","10.3256229889555","10.7645451182732","10.6236065880447","11.5146447001734","11.7002407299589","",
"Montenegro","MNE","Commercial bank branches (per 100,000 adults)","FB.CBK.BRCH.P5","","","","","","","","","","","","","","","","","","","","","","","","","","","","","","","","","","","","","","","","","","","","","21.0259864581632","25.0074719462199","27.1494132665161","34.5418960688867","41.6983096194242","43.5890017326766","39.8494930474565","40.3095450693965","40.5566603757204","",
"Mongolia","MNG","Commercial bank branches (per 100,000 adults)","FB.CBK.BRCH.P5","","","","","","","","","","","","","","","","","","","","","","","","","","","","","","","","","","","","","","","","","","","","","39.9234382521291","41.5347881614748","45.9619493133383","52.8621173125578","56.955789232101","54.0168125204882","54.3306924807625","65.2699593560504","68.8193831276785","",
"Northern Mariana Islands","MNP","Commercial bank branches (per 100,000 adults)","FB.CBK.BRCH.P5","","","","","","","","","","","","","","","","","","","","","","","","","","","","","","","","","","","","","","","","","","","","","","","","","","","","","","",
"Mozambique","MOZ","Commercial bank branches (per 100,000 adults)","FB.CBK.BRCH.P5","","","","","","","","","","","","","","","","","","","","","","","","","","","","","","","","","","","","","","","","","","","","","1.75699107214443","1.98254261721372","2.01964453017006","2.34930094460725","2.493324531641","2.86346733668109","3.29782718030215","3.53771529688739","3.77768334576033","",
"Mauritania","MRT","Commercial bank branches (per 100,000 adults)","FB.CBK.BRCH.P5","","","","","","","","","","","","","","","","","","","","","","","","","","","","","","","","","","","","","","","","","","","","","","","","3.98511872769841","4.17364648057708","4.20311426042496","4.23100315642451","4.21089195615403","4.86591959377799","",
"Mauritius","MUS","Commercial bank branches (per 100,000 adults)","FB.CBK.BRCH.P5","","","","","","","","","","","","","","","","","","","","","","","","","","","","","","","","","","","","","","","","","","","","","18.0114416223198","18.0743218323796","18.3367248004409","18.6030135545887","19.1554119980277","20.6306529999905","20.7898938513426","21.0704497871646","21.5650612845159","",
"Malawi","MWI","Commercial bank branches (per 100,000 adults)","FB.CBK.BRCH.P5","","","","","","","","","","","","","","","","","","","","","","","","","","","","","","","","","","","","","","","","","","","","","0.981604502716638","0.940051471433644","0.926855821992667","1.93412427211549","2.16481341706727","2.26344752773585","2.84916766521735","1.05598484665269","3.34795195700114","",
"Malaysia","MYS","Commercial bank branches (per 100,000 adults)","FB.CBK.BRCH.P5","","","","","","","","","","","","","","","","","","","","","","","","","","","","","","","","","","","","","","","","","","","","","13.8907699979199","15.9028216897036","17.0223209857589","17.2339216006611","20.8344566520837","20.6690384420918","20.2854786194712","20.2334849974416","19.9098118994289","",
"North America","NAC","Commercial bank branches (per 100,000 adults)","FB.CBK.BRCH.P5","","","","","","","","","","","","","","","","","","","","","","","","","","","","","","","","","","","","","","","","","","","","","32.5154997316509","33.1266771044733","29.1588405946586","29.6052947697298","29.7738805360041","29.9480562258208","29.6558136583301","29.6097595657244","29.8484300730215","",
"Namibia","NAM","Commercial bank branches (per 100,000 adults)","FB.CBK.BRCH.P5","","","","","","","","","","","","","","","","","","","","","","","","","","","","","","","","","","","","","","","","","","","","","7.65689754386552","7.29502210956756","8.05271644279726","7.18495149909951","7.5719354834027","7.54834887002592","7.65867655355031","7.38910055433389","7.18897719956394","",
"New Caledonia","NCL","Commercial bank branches (per 100,000 adults)","FB.CBK.BRCH.P5","","","","","","","","","","","","","","","","","","","","","","","","","","","","","","","","","","","","","","","","","","","","","","","","","","","","","","",
"Niger","NER","Commercial bank branches (per 100,000 adults)","FB.CBK.BRCH.P5","","","","","","","","","","","","","","","","","","","","","","","","","","","","","","","","","","","","","","","","","","","","","","","","","","","","","","",
"Nigeria","NGA","Commercial bank branches (per 100,000 adults)","FB.CBK.BRCH.P5","","","","","","","","","","","","","","","","","","","","","","","","","","","","","","","","","","","","","","","","","","","","","4.66064112058013","4.14698903204034","3.74975077526069","5.16456468296003","6.21414426739017","6.42887425371293","6.51340124792726","6.35470020680757","5.76496270034395","",
"Nicaragua","NIC","Commercial bank branches (per 100,000 adults)","FB.CBK.BRCH.P5","","","","","","","","","","","","","","","","","","","","","","","","","","","","","","","","","","","","","","","","","","","","","4.99869369939022","6.36482966827692","7.08643653011357","7.54528810774314","8.33822030351122","8.25494796757231","6.90678736848765","7.26509153028953","7.31661700213556","",
"Netherlands","NLD","Commercial bank branches (per 100,000 adults)","FB.CBK.BRCH.P5","","","","","","","","","","","","","","","","","","","","","","","","","","","","","","","","","","","","","","","","","","","","","33.6704737621948","28.1146984385124","27.7134576982241","28.5963548566414","27.5746331036512","25.2243109581418","23.0096210645551","21.3074415181034","19.600490710782","",
"High income: nonOECD","NOC","Commercial bank branches (per 100,000 adults)","FB.CBK.BRCH.P5","","","","","","","","","","","","","","","","","","","","","","","","","","","","","","","","","","","","","","","","","","","","","22.5662876080469","22.0504103073639","21.0065835165751","20.6160158161251","21.0331382244107","20.974920861099","20.5038851505234","18.8487232072815","18.6064517007611","",
"Norway","NOR","Commercial bank branches (per 100,000 adults)","FB.CBK.BRCH.P5","","","","","","","","","","","","","","","","","","","","","","","","","","","","","","","","","","","","","","","","","","","","","13.1384157190834","12.0847794441478","12.0168267306845","12.2871526333124","11.5627311090726","10.9344166204069","10.9573890846466","10.7284408758258","9.89343747056514","",
"Nepal","NPL","Commercial bank branches (per 100,000 adults)","FB.CBK.BRCH.P5","","","","","","","","","","","","","","","","","","","","","","","","","","","","","","","","","","","","","","","","","","","","","2.60953956304461","2.55987047181292","2.61466910601792","3.59825417530852","3.58027969039665","4.70765997361196","5.19424879701063","7.38569268439522","8.42925757756491","",
"New Zealand","NZL","Commercial bank branches (per 100,000 adults)","FB.CBK.BRCH.P5","","","","","","","","","","","","","","","","","","","","","","","","","","","","","","","","","","","","","","","","","","","","","35.0077516511811","35.1490516511597","35.3425001901474","35.0809782358951","34.8871106173304","35.5635042858191","34.3519532732143","33.6973847987546","33.3267705835398","",
"High income: OECD","OEC","Commercial bank branches (per 100,000 adults)","FB.CBK.BRCH.P5","","","","","","","","","","","","","","","","","","","","","","","","","","","","","","","","","","","","","","","","","","","","","29.8689175155035","28.2508428070736","27.7134576982241","29.6323595406825","31.5623498003801","31.5333296541946","28.672623069332","27.6505345544512","29.1766916055061","",
"OECD members","OED","Commercial bank branches (per 100,000 adults)","FB.CBK.BRCH.P5","","","","","","","","","","","","","","","","","","","","","","","","","","","","","","","","","","","","","","","","","","","","","27.811907275916","26.5308931290002","27.0363865299944","27.5469945905835","27.5771743337464","25.8977807976909","25.4549760595221","25.0620127574691","25.0441317071054","",
"Oman","OMN","Commercial bank branches (per 100,000 adults)","FB.CBK.BRCH.P5","","","","","","","","","","","","","","","","","","","","","","","","","","","","","","","","","","","","","","","","","","","","","21.7763966857243","20.8968151028252","21.0065835165751","21.9114782376804","23.0421192918486","23.664745755436","22.6570921628162","21.2650476736181","19.7038529901387","",
"Other small states","OSS","Commercial bank branches (per 100,000 adults)","FB.CBK.BRCH.P5","","","","","","","","","","","","","","","","","","","","","","","","","","","","","","","","","","","","","","","","","","","","","5.2898771254323","5.3683733888126","5.8747387094533","6.17724340876715","6.42666926686105","6.28423294764798","6.30652744113556","7.08712528752965","7.18897719956394","",
"Pakistan","PAK","Commercial bank branches (per 100,000 adults)","FB.CBK.BRCH.P5","","","","","","","","","","","","","","","","","","","","","","","","","","","","","","","","","","","","","","","","","","","","","7.41060530699432","7.50953101268876","7.65832795618301","7.90627285658123","8.2402297145124","8.31611713799469","8.35421270021622","8.50982373269281","8.97173845831188","",
"Panama","PAN","Commercial bank branches (per 100,000 adults)","FB.CBK.BRCH.P5","","","","","","","","","","","","","","","","","","","","","","","","","","","","","","","","","","","","","","","","","","","","","","","","22.0678502987879","23.1649707534658","23.0709037017445","23.454560591215","23.4242655382385","23.5027387896229","",
"Peru","PER","Commercial bank branches (per 100,000 adults)","FB.CBK.BRCH.P5","","","","","","","","","","","","","","","","","","","","","","","","","","","","","","","","","","","","","","","","","","","","","4.25520480147499","4.37701747861727","13.1915749607876","18.6516305094561","28.0237834272424","32.8974580706294","46.5933451860494","57.281335100082","69.727995867141","",
"Philippines","PHL","Commercial bank branches (per 100,000 adults)","FB.CBK.BRCH.P5","","","","","","","","","","","","","","","","","","","","","","","","","","","","","","","","","","","","","","","","","","","","","8.25186329450069","8.04943448357045","7.86552201561443","7.62584345971181","7.69234675201933","7.64534525853133","7.74053288844481","7.85007699097263","8.12658947035018","",
"Palau","PLW","Commercial bank branches (per 100,000 adults)","FB.CBK.BRCH.P5","","","","","","","","","","","","","","","","","","","","","","","","","","","","","","","","","","","","","","","","","","","","","","","","","","","","","","",
"Papua New Guinea","PNG","Commercial bank branches (per 100,000 adults)","FB.CBK.BRCH.P5","","","","","","","","","","","","","","","","","","","","","","","","","","","","","","","","","","","","","","","","","","","","","1.93500676831715","1.91286046147485","1.81038727875294","1.81539205036057","1.76793320524527","1.67189584875637","1.72260095518223","1.83842693951715","1.88496939368214","",
"Poland","POL","Commercial bank branches (per 100,000 adults)","FB.CBK.BRCH.P5","","","","","","","","","","","","","","","","","","","","","","","","","","","","","","","","","","","","","","","","","","","","","26.5508268901748","26.5308931290002","27.5515736090049","29.6323595406825","32.6513095092987","32.841751838206","31.9881642377343","32.0854461832065","33.4858191982997","",
"Puerto Rico","PRI","Commercial bank branches (per 100,000 adults)","FB.CBK.BRCH.P5","","","","","","","","","","","","","","","","","","","","","","","","","","","","","","","","","","","","","","","","","","","","","","","","","","","","","","",
"Korea, Dem. Rep.","PRK","Commercial bank branches (per 100,000 adults)","FB.CBK.BRCH.P5","","","","","","","","","","","","","","","","","","","","","","","","","","","","","","","","","","","","","","","","","","","","","","","","","","","","","","",
"Portugal","PRT","Commercial bank branches (per 100,000 adults)","FB.CBK.BRCH.P5","","","","","","","","","","","","","","","","","","","","","","","","","","","","","","","","","","","","","","","","","","","","","66.448205990229","67.985850047726","70.3695015404464","61.1331218804407","63.8342275729316","65.4437697582651","65.6111559738107","64.1174734729597","61.2289448122307","",
"Paraguay","PRY","Commercial bank branches (per 100,000 adults)","FB.CBK.BRCH.P5","","","","","","","","","","","","","","","","","","","","","","","","","","","","","","","","","","","","","","","","","","","","","4.11874009542368","3.95882614594588","4.01168320399986","4.26155195114198","5.64753658367025","6.96617728772544","8.33894105694728","9.26177063083502","9.72075634199169","",
"Pacific island small states","PSS","Commercial bank branches (per 100,000 adults)","FB.CBK.BRCH.P5","","","","","","","","","","","","","","","","","","","","","","","","","","","","","","","","","","","","","","","","","","","","","","","","","","","","","","",
"French Polynesia","PYF","Commercial bank branches (per 100,000 adults)","FB.CBK.BRCH.P5","","","","","","","","","","","","","","","","","","","","","","","","","","","","","","","","","","","","","","","","","","","","","","","","","","","","","","",
"Qatar","QAT","Commercial bank branches (per 100,000 adults)","FB.CBK.BRCH.P5","","","","","","","","","","","","","","","","","","","","","","","","","","","","","","","","","","","","","","","","","","","","","23.5927221552673","21.875863460355","20.2692012527139","19.3205533945698","19.0241571569729","18.6384220349937","18.3506781382307","13.2873028277539","13.2159159429872","",
"Romania","ROU","Commercial bank branches (per 100,000 adults)","FB.CBK.BRCH.P5","","","","","","","","","","","","","","","","","","","","","","","","","","","","","","","","","","","","","","","","","","","","","","","","","34.8219226880353","34.048146468667","33.1681031571715","32.9152585400837","30.9594859242055","",
"Russian Federation","RUS","Commercial bank branches (per 100,000 adults)","FB.CBK.BRCH.P5","","","","","","","","","","","","","","","","","","","","","","","","","","","","","","","","","","","","","","","","","","","","","26.7406529879281","28.4579388007182","30.4795835443559","33.8888362197792","35.8055334814276","34.9003656276857","35.2705725295213","36.828448145869","38.216431931217","",
"Rwanda","RWA","Commercial bank branches (per 100,000 adults)","FB.CBK.BRCH.P5","","","","","","","","","","","","","","","","","","","","","","","","","","","","","","","","","","","","","","","","","","","","","0.389893122324517","0.760795033704774","0.723928688939437","1.06980144759101","4.58320613773242","4.90714377296078","4.88843192649663","5.39059615027994","7.56179355331687","",
"South Asia","SAS","Commercial bank branches (per 100,000 adults)","FB.CBK.BRCH.P5","","","","","","","","","","","","","","","","","","","","","","","","","","","","","","","","","","","","","","","","","","","","","7.22331732825645","7.24602108533237","7.33179666193251","7.47062508074243","7.65964781143149","7.80025309334344","7.94025797275383","8.11577902274355","8.70049801793839","",
"Saudi Arabia","SAU","Commercial bank branches (per 100,000 adults)","FB.CBK.BRCH.P5","","","","","","","","","","","","","","","","","","","","","","","","","","","","","","","","","","","","","","","","","","","","","7.93504127579211","7.63142637360335","7.73795425848491","7.86346218180335","7.97473236361394","8.36589909792409","8.5364575769652","8.60966463011482","8.64743561236813","",
"Southern Cone Extended","SCE","Commercial bank branches (per 100,000 adults)","FB.CBK.BRCH.P5","","","","","","","","","","","","","","","","","","","","","","","","","","","","","","","","","","","","","","","","","","","","","","","","","","","","","","",
"Sudan","SDN","Commercial bank branches (per 100,000 adults)","FB.CBK.BRCH.P5","","","","","","","","","","","","","","","","","","","","","","","","","","","","","","","","","","","","","","","","","","","","","2.50044044450662","2.37469361934709","2.29708947554368","2.28470402224882","2.27659435117436","2.38771792680522","2.78805400729288","2.88029139041624","2.92178132563696","",
"Senegal","SEN","Commercial bank branches (per 100,000 adults)","FB.CBK.BRCH.P5","","","","","","","","","","","","","","","","","","","","","","","","","","","","","","","","","","","","","","","","","","","","","","","","","","","","","","",
"Singapore","SGP","Commercial bank branches (per 100,000 adults)","FB.CBK.BRCH.P5","","","","","","","","","","","","","","","","","","","","","","","","","","","","","","","","","","","","","","","","","","","","","11.7307694357543","11.5108511889445","11.1301628675093","10.737093762525","10.341127259443","10.2350950305537","10.2233320690388","9.96138667859012","9.75846589151747","",
"Solomon Islands","SLB","Commercial bank branches (per 100,000 adults)","FB.CBK.BRCH.P5","","","","","","","","","","","","","","","","","","","","","","","","","","","","","","","","","","","","","","","","","","","","","8.52071467788045","8.97885300540168","9.05413554409277","8.77999327892111","8.51578396098147","8.26173693235697","8.01786132800454","6.88555538196269","6.88555538196269","",
"Sierra Leone","SLE","Commercial bank branches (per 100,000 adults)","FB.CBK.BRCH.P5","","","","","","","","","","","","","","","","","","","","","","","","","","","","","","","","","","","","","","","","","","","","","1.20086155244139","1.29180080431597","1.44894298836019","1.73116412937805","2.19180591853199","2.66293814515033","2.81047782009773","2.888676172654","2.97621181424958","",
"El Salvador","SLV","Commercial bank branches (per 100,000 adults)","FB.CBK.BRCH.P5","","","","","","","","","","","","","","","","","","","","","","","","","","","","","","","","","","","","","","","","","","","","","","","","","","11.7004398759732","10.6559901142286","10.8265323565688","10.3226856969356","",
"San Marino","SMR","Commercial bank branches (per 100,000 adults)","FB.CBK.BRCH.P5","","","","","","","","","","","","","","","","","","","","","","","","","","","","","","","","","","","","","","","","","","","","","","","","","","","","","","",
"Somalia","SOM","Commercial bank branches (per 100,000 adults)","FB.CBK.BRCH.P5","","","","","","","","","","","","","","","","","","","","","","","","","","","","","","","","","","","","","","","","","","","","","","","","","","","","","","",
"Serbia","SRB","Commercial bank branches (per 100,000 adults)","FB.CBK.BRCH.P5","","","","","","","","","","","","","","","","","","","","","","","","","","","","","","","","","","","","","","","","","","","","","22.1602047046664","31.8330696272545","36.4338358345679","40.7657378826725","45.5422819282358","43.9709518888306","41.5747423983292","39.936370652749","37.6939001590287","",
"Sub-Saharan Africa (developing only)","SSA","Commercial bank branches (per 100,000 adults)","FB.CBK.BRCH.P5","","","","","","","","","","","","","","","","","","","","","","","","","","","","","","","","","","","","","","","","","","","","","1.64332785298134","1.78083293409975","1.93189310013571","2.23037289673976","2.493324531641","2.88852926727246","3.43241300913194","3.53771529688739","3.71188192337874","",
"South Sudan","SSD","Commercial bank branches (per 100,000 adults)","FB.CBK.BRCH.P5","","","","","","","","","","","","","","","","","","","","","","","","","","","","","","","","","","","","","","","","","","","","","","","","","","0.646123980303097","0.686306869999336","0.704364018314626","0.879240911008223","",
"Sub-Saharan Africa (all income levels)","SSF","Commercial bank branches (per 100,000 adults)","FB.CBK.BRCH.P5","","","","","","","","","","","","","","","","","","","","","","","","","","","","","","","","","","","","","","","","","","","","","1.64332785298134","1.78083293409975","1.93189310013571","2.23037289673976","2.493324531641","2.88852926727246","3.43241300913194","3.53771529688739","3.71188192337874","",
"Small states","SST","Commercial bank branches (per 100,000 adults)","FB.CBK.BRCH.P5","","","","","","","","","","","","","","","","","","","","","","","","","","","","","","","","","","","","","","","","","","","","","6.32564569041117","6.22546674617789","6.53725554173123","6.41403773823569","7.2311766881836","6.89908730278044","6.5735222405842","7.08712528752965","7.18897719956394","",
"Sao Tome and Principe","STP","Commercial bank branches (per 100,000 adults)","FB.CBK.BRCH.P5","","","","","","","","","","","","","","","","","","","","","","","","","","","","","","","","","","","","","","","","","","","","","","","","","","","21.1292634134421","21.4959302814901","23.6699325820838","",
"Suriname","SUR","Commercial bank branches (per 100,000 adults)","FB.CBK.BRCH.P5","","","","","","","","","","","","","","","","","","","","","","","","","","","","","","","","","","","","","","","","","","","","","10.4272568603011","10.5630987328643","10.4182212710152","10.5589871643711","10.4221805006177","10.5552609916553","11.2111513855842","11.0505086527997","10.8871470276566","",
"Slovak Republic","SVK","Commercial bank branches (per 100,000 adults)","FB.CBK.BRCH.P5","","","","","","","","","","","","","","","","","","","","","","","","","","","","","","","","","","","","","","","","","","","","","25.155839149213","25.6253427192353","26.1727128044583","25.7986804307414","27.5797155638416","26.2358813424489","26.0377964342315","25.89856928577","26.5518441388557","",
"Slovenia","SVN","Commercial bank branches (per 100,000 adults)","FB.CBK.BRCH.P5","","","","","","","","","","","","","","","","","","","","","","","","","","","","","","","","","","","","","","","","","","","","","41.0701814206206","40.1920301732068","39.7635682594264","40.3137109729781","39.4375866710898","39.6059339438245","38.7735171018217","38.2678834967499","38.3740943956996","",
"Sweden","SWE","Commercial bank branches (per 100,000 adults)","FB.CBK.BRCH.P5","","","","","","","","","","","","","","","","","","","","","","","","","","","","","","","","","","","","","","","","","","","","","23.5722032249805","23.5870155035263","23.7446050883429","23.5782962502909","23.9596529551537","22.9930698666244","22.5157959285466","21.7269022412797","21.837838283712","",
"Swaziland","SWZ","Commercial bank branches (per 100,000 adults)","FB.CBK.BRCH.P5","","","","","","","","","","","","","","","","","","","","","","","","","","","","","","","","","","","","","","","","","","","","","6.32564569041117","6.41805573481396","6.50136660202734","6.41403773823569","6.42666926686105","6.28423294764798","6.30652744113556","7.08712528752965","7.08712528752965","",
"Sint Maarten (Dutch part)","SXM","Commercial bank branches (per 100,000 adults)","FB.CBK.BRCH.P5","","","","","","","","","","","","","","","","","","","","","","","","","","","","","","","","","","","","","","","","","","","","","","","","","","","","","","",
"Seychelles","SYC","Commercial bank branches (per 100,000 adults)","FB.CBK.BRCH.P5","","","","","","","","","","","","","","","","","","","","","","","","","","","","","","","","","","","","","","","","","","","","","42.0419374161608","39.8603427071626","40.3084621044597","39.8426065885163","46.2092234757159","45.8410760622105","45.8835136203904","47.0285691782606","48.285508880077","",
"Syrian Arab Republic","SYR","Commercial bank branches (per 100,000 adults)","FB.CBK.BRCH.P5","","","","","","","","","","","","","","","","","","","","","","","","","","","","","","","","","","","","","","","","","","","","","2.53818014970559","2.67262205066795","2.73627007020104","2.88753733989679","3.06590422207773","3.40239633145013","3.72882940040784","","","",
"Turks and Caicos Islands","TCA","Commercial bank branches (per 100,000 adults)","FB.CBK.BRCH.P5","","","","","","","","","","","","","","","","","","","","","","","","","","","","","","","","","","","","","","","","","","","","","","","","","","","","","","",
"Chad","TCD","Commercial bank branches (per 100,000 adults)","FB.CBK.BRCH.P5","","","","","","","","","","","","","","","","","","","","","","","","","","","","","","","","","","","","","","","","","","","","","0.370404062277832","0.358437003376099","0.347552689445026","0.35529961350508","0.483561711935746","0.554157338642097","0.620294231671734","0.682032980429287","0.602726819914254","",
"Togo","TGO","Commercial bank branches (per 100,000 adults)","FB.CBK.BRCH.P5","","","","","","","","","","","","","","","","","","","","","","","","","","","","","","","","","","","","","","","","","","","","","1.52966463381825","1.57912325098578","1.93189310013571","2.44275465179019","4.19809448202137","4.16595240944149","","","","",
"Thailand","THA","Commercial bank branches (per 100,000 adults)","FB.CBK.BRCH.P5","","","","","","","","","","","","","","","","","","","","","","","","","","","","","","","","","","","","","","","","","","","","","7.84177097985069","8.36310915717106","9.17949181594937","9.82213596258274","10.4357048142562","10.933801741049","11.1583807570626","11.4793403694662","11.7717685082759","",
"Tajikistan","TJK","Commercial bank branches (per 100,000 adults)","FB.CBK.BRCH.P5","","","","","","","","","","","","","","","","","","","","","","","","","","","","","","","","","","","","","","","","","","","","","5.27374819977588","5.48212313105929","5.5716573037176","5.64895764742219","5.95794031832286","5.89661268490407","6.16064469416206","6.52662447822724","7.2267122250267","",
"Turkmenistan","TKM","Commercial bank branches (per 100,000 adults)","FB.CBK.BRCH.P5","","","","","","","","","","","","","","","","","","","","","","","","","","","","","","","","","","","","","","","","","","","","","","","","","","","","","","",
"Timor-Leste","TLS","Commercial bank branches (per 100,000 adults)","FB.CBK.BRCH.P5","","","","","","","","","","","","","","","","","","","","","","","","","","","","","","","","","","","","","","","","","","","","","1.16659557158926","2.09800098998502","2.02485058699029","1.96301905597543","1.90706842708471","1.85054215589984","1.78993575099593","3.91867677303084","4.38891798579454","",
"Tonga","TON","Commercial bank branches (per 100,000 adults)","FB.CBK.BRCH.P5","","","","","","","","","","","","","","","","","","","","","","","","","","","","","","","","","","","","","","","","","","","","","24.1802882290357","20.8056591392859","20.6387273538382","22.0362706175578","23.4049043942037","21.6687244896185","21.517275298168","21.3961364445382","19.867840984214","",
"Trinidad and Tobago","TTO","Commercial bank branches (per 100,000 adults)","FB.CBK.BRCH.P5","","","","","","","","","","","","","","","","","","","","","","","","","","","","","","","","","","","","","","","","","","","","","","","12.4443715497124","12.7217822738703","12.1563433903641","13.4033759077417","13.2370999297777","13.174080995291","13.3609473923873","",
"Tunisia","TUN","Commercial bank branches (per 100,000 adults)","FB.CBK.BRCH.P5","","","","","","","","","","","","","","","","","","","","","","","","","","","","","","","","","","","","","","","","","","","","","11.9530624384384","12.2309432343455","13.0238320778134","13.7410423967637","14.4795002862703","15.0364941495869","16.5457580253656","16.9653844789851","17.7099085460485","",
"Turkey","TUR","Commercial bank branches (per 100,000 adults)","FB.CBK.BRCH.P5","","","","","","","","","","","","","","","","","","","","","","","","","","","","","","","","","","","","","","","","","","","","","","12.955160628052","14.0632335617034","15.3189775772481","17.1411634031632","17.3181065938172","17.8740780765066","18.2541982343009","18.669656733279","",
"Tuvalu","TUV","Commercial bank branches (per 100,000 adults)","FB.CBK.BRCH.P5","","","","","","","","","","","","","","","","","","","","","","","","","","","","","","","","","","","","","","","","","","","","","","","","","","","","","","",
"Tanzania","TZA","Commercial bank branches (per 100,000 adults)","FB.CBK.BRCH.P5","","","","","","","","","","","","","","","","","","","","","","","","","","","","","","","","","","","","","","","","","","","","","1.19254045271716","1.21139192970696","1.26428994443629","1.52392592995446","1.69106183111996","1.81818208637902","1.83540277349125","1.89267939240694","2.21008525324537","",
"Uganda","UGA","Commercial bank branches (per 100,000 adults)","FB.CBK.BRCH.P5","","","","","","","","","","","","","","","","","","","","","","","","","","","","","","","","","","","","","","","","","","","","","1.1027536438734","1.15476082503323","1.16168736932595","1.34575519344967","1.98512331484989","2.29683195221373","2.39338495064494","2.32417225168594","2.61995342481156","",
"Ukraine","UKR","Commercial bank branches (per 100,000 adults)","FB.CBK.BRCH.P5","","","","","","","","","","","","","","","","","","","","","","","","","","","","","","","","","","","","","","","","","","","","","3.71877497120816","3.86602827392492","3.87160624153297","3.8536290614671","3.72976845035159","3.21190803398948","2.32172786490986","1.59766838632568","1.06826966646661","",
"Upper middle income","UMC","Commercial bank branches (per 100,000 adults)","FB.CBK.BRCH.P5","","","","","","","","","","","","","","","","","","","","","","","","","","","","","","","","","","","","","","","","","","","","","10.2181131043703","12.2309432343455","13.1192872885109","14.0072305492315","17.1411634031632","17.3181065938172","16.7416340681244","16.6113078016343","16.3245370331842","",
"Uruguay","URY","Commercial bank branches (per 100,000 adults)","FB.CBK.BRCH.P5","","","","","","","","","","","","","","","","","","","","","","","","","","","","","","","","","","","","","","","","","","","","","12.861293661475","12.8218024407827","13.392190875274","13.5105794826647","13.5768370055094","13.4454842529123","13.6237123987206","13.5740619879639","12.8083302733326","",
"United States","USA","Commercial bank branches (per 100,000 adults)","FB.CBK.BRCH.P5","","","","","","","","","","","","","","","","","","","","","","","","","","","","","","","","","","","","","","","","","","","","","32.5154997316509","33.1266771044733","33.7575173604334","34.589784507716","35.0087429047831","35.8012078492129","35.3589802590494","35.1664109952484","35.2591517501021","",
"Uzbekistan","UZB","Commercial bank branches (per 100,000 adults)","FB.CBK.BRCH.P5","","","","","","","","","","","","","","","","","","","","","","","","","","","","","","","","","","","","","","","","","","","","","39.4728221309871","40.3954749364115","42.7763935607534","44.9534862746302","45.995533187332","47.0339713929282","46.4832259854677","45.8703515719186","45.3804787608394","",
"St. Vincent and the Grenadines","VCT","Commercial bank branches (per 100,000 adults)","FB.CBK.BRCH.P5","","","","","","","","","","","","","","","","","","","","","","","","","","","","","","","","","","","","","","","","","","","","","","","","","","21.2832552571512","21.1603333301988","21.038822774492","20.9205022736305","",
"Venezuela, RB","VEN","Commercial bank branches (per 100,000 adults)","FB.CBK.BRCH.P5","","","","","","","","","","","","","","","","","","","","","","","","","","","","","","","","","","","","","","","","","","","","","15.352737902457","15.7397330378777","16.4954463866365","17.3662192785042","18.1920188130394","17.8040311841622","17.0627021662751","16.6113078016343","16.6064333314267","",
"Virgin Islands (U.S.)","VIR","Commercial bank branches (per 100,000 adults)","FB.CBK.BRCH.P5","","","","","","","","","","","","","","","","","","","","","","","","","","","","","","","","","","","","","","","","","","","","","","","","","","","","","","",
"Vietnam","VNM","Commercial bank branches (per 100,000 adults)","FB.CBK.BRCH.P5","","","","","","","","","","","","","","","","","","","","","","","","","","","","","","","","","","","","","","","","","","","","","","","","","3.30726865522719","3.31716009292245","3.24938729535294","3.57190269024041","3.17749583444799","",
"Vanuatu","VUT","Commercial bank branches (per 100,000 adults)","FB.CBK.BRCH.P5","","","","","","","","","","","","","","","","","","","","","","","","","","","","","","","","","","","","","","","","","","","","","19.5236235845373","18.9016562576296","19.0779409158382","20.7162813793297","20.094644190514","19.4966851164249","20.271229044617","20.3308845943247","22.2983895550658","",
"West Bank and Gaza","PSE","Commercial bank branches (per 100,000 adults)","FB.CBK.BRCH.P5","","","","","","","","","","","","","","","","","","","","","","","","","","","","","","","","","","","","","","","","","","","","","8.24329057273517","8.09675582181782","8.37713441520353","8.51162160752311","9.53772176683391","10.2728084042248","9.67972728420521","9.89346281335212","9.73797418850215","",
"World","WLD","Commercial bank branches (per 100,000 adults)","FB.CBK.BRCH.P5","","","","","","","","","","","","","","","","","","","","","","","","","","","","","","","","","","","","","","","","","","","","","9.13752907076643","10.2554585616258","11.2875091862494","12.2871526333124","11.8595372497184","11.4783608541474","11.255448321574","11.4969925348198","11.7002407299589","",
"Samoa","WSM","Commercial bank branches (per 100,000 adults)","FB.CBK.BRCH.P5","","","","","","","","","","","","","","","","","","","","","","","","","","","","","","","","","","","","","","","","","","","","","17.6640662914952","18.3930036830224","20.9241175745646","23.3966549929165","23.1423787183542","26.4124039390252","25.2556041291359","18.091127799417","18.7490948763534","",
"Yemen, Rep.","YEM","Commercial bank branches (per 100,000 adults)","FB.CBK.BRCH.P5","","","","","","","","","","","","","","","","","","","","","","","","","","","","","","","","","","","","","","","","","","","","","1.76763905277247","1.87360679184422","1.9427910281324","1.99589409725328","1.98635409584972","1.9845778823725","1.89199636275801","1.8058949115756","1.74675247773971","",
"South Africa","ZAF","Commercial bank branches (per 100,000 adults)","FB.CBK.BRCH.P5","","","","","","","","","","","","","","","","","","","","","","","","","","","","","","","","","","","","","","","","","","","","","4.80467012544596","7.19151824372018","7.43204014913367","6.05922236197483","7.91086274472381","9.35726597830953","10.0718940319427","10.5307084658891","10.4151103274416","",
"Congo, Dem. Rep.","COD","Commercial bank branches (per 100,000 adults)","FB.CBK.BRCH.P5","","","","","","","","","","","","","","","","","","","","","","","","","","","","","","","","","","","","","","","","","","","","","0.468481286603664","0.464681257661077","0.460635938951075","0.488658215079735","0.483115241173126","0.49570809365926","0.616221788270428","0.626125296848816","0.715387122781968","",
"Zambia","ZMB","Commercial bank branches (per 100,000 adults)","FB.CBK.BRCH.P5","","","","","","","","","","","","","","","","","","","","","","","","","","","","","","","","","","","","","","","","","","","","","3.11462626925227","2.99472573935808","3.04977260638101","3.34484466870191","3.72302331513191","3.90976313928825","4.0475310819201","4.20800152330849","4.4413441683165","",
"Zimbabwe","ZWE","Commercial bank branches (per 100,000 adults)","FB.CBK.BRCH.P5","","","","","","","","","","","","","","","","","","","","","","","","","","","","","","","","","","","","","","","","","","","","","2.70279410327549","3.6808571905811","3.48061396294378","3.92214069701515","3.29403759210135","4.39483051791428","4.6323151868892","6.49976124974849","7.11030633778748","",
